{
    "Evaluation_Results": {
        "Accuracy": 0.8333333134651184,
        "Precision": 0.8407787680625916,
        "Recall": 0.8333333134651184,
        "F1Score": 0.8338143825531006
    },
    "Best_Hyperparameters": {
        "lr": 0.0010709712555560488,
        "optimizer": "Adam",
        "weight_decay": 5.4191599077661756e-05,
        "dropout": 0.4404400850303313
    }
}