{
    "Evaluation_Results": {
        "Accuracy": 0.7907738089561462,
        "Precision": 0.8098520040512085,
        "Recall": 0.7907738089561462,
        "F1Score": 0.7839627861976624
    },
    "Best_Hyperparameters": {
        "lr": 0.0009727272671517259,
        "optimizer": "SGD",
        "weight_decay": 0.0022844100563791303,
        "dropout": 0.41558365445485906
    }
}