{
    "Evaluation_Results": {
        "Accuracy": 0.136904776096344,
        "Precision": 0.13513702154159546,
        "Recall": 0.136904776096344,
        "F1Score": 0.12098817527294159
    },
    "Best_Hyperparameters": {
        "num_conv_layers": 3,
        "filters": 64,
        "kernel_size": 5,
        "activation": "ReLU",
        "fc_size": 64,
        "dropout": 0.25468830417650923
    }
}