{
    "Evaluation_Results": {
        "Accuracy": 0.40297621488571167,
        "Precision": 0.42815732955932617,
        "Recall": 0.40297621488571167,
        "F1Score": 0.3981466293334961
    },
    "Best_Hyperparameters": {
        "num_conv_layers": 4,
        "filters": 64,
        "kernel_size": 3,
        "activation": "ReLU",
        "fc_size": 128,
        "dropout": 0.3058663798108061
    }
}