{
    "Evaluation_Results": {
        "Accuracy": 0.8354166746139526,
        "Precision": 0.8411014080047607,
        "Recall": 0.8354166746139526,
        "F1Score": 0.8352683186531067
    },
    "Best_Hyperparameters": {
        "lr": 0.00015066051572388113,
        "optimizer": "Adam",
        "weight_decay": 0.00013855686567070343,
        "dropout": 0.3829619979204693
    }
}