{
    "Evaluation_Results": {
        "Accuracy": 0.9059523940086365,
        "Precision": 0.9168285131454468,
        "Recall": 0.9059523940086365,
        "F1Score": 0.9054796695709229
    },
    "Best_Hyperparameters": {
        "num_conv_layers": 4,
        "filters": 32,
        "kernel_size": 3,
        "activation": "LeakyReLU",
        "fc_size": 128,
        "dropout": 0.3129463095023948
    }
}