{
    "Evaluation_Results": {
        "Accuracy": 0.9082793593406677,
        "Precision": 0.9159069061279297,
        "Recall": 0.9082793593406677,
        "F1Score": 0.9077848792076111
    },
    "Best_Hyperparameters": {
        "lr": 0.002987841801761321,
        "optimizer": "Adam",
        "weight_decay": 1.249885882598982e-05,
        "dropout": 0.47818839744913344
    }
}