{
    "Evaluation_Results": {
        "Accuracy": 0.8925865888595581,
        "Precision": 0.8944168090820312,
        "Recall": 0.8925865888595581,
        "F1Score": 0.8876169919967651
    },
    "Best_Hyperparameters": {
        "num_conv_layers": 3,
        "filters": 64,
        "kernel_size": 5,
        "activation": "ReLU",
        "fc_size": 64,
        "dropout": 0.25468830417650923
    }
}