{
    "Evaluation_Results": {
        "Accuracy": 0.963666558265686,
        "Precision": 0.9644007682800293,
        "Recall": 0.963666558265686,
        "F1Score": 0.9631509184837341
    },
    "Best_Hyperparameters": {
        "lr": 0.004153476174293017,
        "optimizer": "SGD",
        "weight_decay": 0.0004038111780320519,
        "dropout": 0.47453767716574324
    }
}