{
    "Evaluation_Results": {
        "Accuracy": 0.7449725866317749,
        "Precision": 0.7440553307533264,
        "Recall": 0.7449725866317749,
        "F1Score": 0.7413673400878906
    },
    "Best_Hyperparameters": {
        "num_conv_layers": 3,
        "filters": 16,
        "kernel_size": 5,
        "activation": "ReLU",
        "fc_size": 128,
        "dropout": 0.20084119009946294
    }
}