{
    "Evaluation_Results": {
        "Accuracy": 0.9766998887062073,
        "Precision": 0.9763751029968262,
        "Recall": 0.9766998887062073,
        "F1Score": 0.9762030839920044
    },
    "Best_Hyperparameters": {
        "num_conv_layers": 4,
        "filters": 64,
        "kernel_size": 3,
        "activation": "ReLU",
        "fc_size": 128,
        "dropout": 0.3058663798108061
    }
}