{
    "Evaluation_Results": {
        "Accuracy": 0.27005311846733093,
        "Precision": 0.2500251829624176,
        "Recall": 0.27005311846733093,
        "F1Score": 0.2428492158651352
    },
    "Best_Hyperparameters": {
        "num_conv_layers": 3,
        "filters": 16,
        "kernel_size": 5,
        "activation": "ReLU",
        "fc_size": 128,
        "dropout": 0.20084119009946294
    }
}